Species,USGS.Number,Band.Colors,Year,Date,Time.Trapped,Time.Bled,Recap,Site,Location,GPS.S,GPS.E,Elevation.(m),Bander,Sex,How.Sex,Age,How.Age,Release,Bird+Bag.(g),bag.(g),Bird.(g),Wing.(mm),Tarsus.(mm),Tail.(mm),Culmen.(mm),Culmen Depth.(mm),Culmen Width.(mm),Bill+Head.(mm),Hemo,Plasma,Blood,Fecal,Feather,Nest,Nest.Stage,Captured.with,,,,,,,,,,,
BCCH,2830-31900,RLO,2019,24-May,7:22,7:34,-,BLD,Stephanie Meyer,,,,KG,F,BP,ASY,REC,Y,34,23,11,63,17.4,60,7.4,4.4,5.1,27,N,N,Y,N,Y,281-2019,Chicks,NA,,,,,,,,,,,
BCCH,2830-31998,OGA,2020,24-May,9:15,9:22,-,BLD,Shopnitz's,-,-,-,KCG,M,CP,-,-,Y,35,24,11,65,17.1,63,7.1,4.9,4.5,26.5,N,N,Y,N,N,300-2020,chicks,WAW,-,,,,,,,,,,
MOCH,2830-31898,WPW,2019,17-May,-,-,-,SGR,Feeder,,,,KG,F,BP,U,-,Y,36,24,12,69,18.3,61,7.6,4.4,5.2,29.3,N,N,Y,Y,Y,-,-,NA,,,,,,,,,,,
MOCH,2830-31899,RRS,2019,17-May,9:20 AM,9:41 AM,-,SGR,Feeder,,,,KG,F,BP,U,-,Y,40,28,12,72,19.4,58,8,3.8,4.4,28.5,N,N,Y,N,Y,-,-,NA,,,,,,,,,,,
MOCH,Pox1,-,2019,10-Jun,-,-,-,-,-,,,,-,-,-,-,-,-,-,,,,,,,,,,N,N,Y,N,N,-,-,NA,,,,,,,,,,,
MOCH,POX2,-,2019,10-Jun,-,-,-,-,-,,,,-,-,-,-,-,-,,,,,,,,,,,N,N,Y,N,N,-,-,NA,,,,,,,,,,,
BCCH,2830-31910,WPS,2019,26-May,7:15,7:30,N,BLD,St. Berrera,,,,KG,F,BP,ASY,REC,Y,35,24,11,64,16.8,63,9.2,4.8,5,27.5,N,N,Y,N,N,313-2019,Chicks,unbanded,,,,,,,,,,,
BCCH,2830-31907,PWB,2019,25-May,7:37,8:00,N,BLD,Farmer Tim,,,,KG,M,CP,U,-,Y,36,24,12,67,17.7,69,8.3,4.5,5.1,26.8,N,N,Y,N,Y,316-2019,Chicks,NA,,,,,,,,,,,
BCCH,2830-31916,LPO,2019,26-May,8:55,9:04,N,-,H Bittman,,,,KCG,M,CP,AHY,REC,Y,34,23,11,66,18.2,63,9,4.6,5.1,27.7,N,N,Y,N,Y,274-2019,Chicks,RSW,,,,,,,,,,,
BCCH,2830-31908,RSO,2019,25-May,7:43,8:15,N,BLD,Farmer Tim,,,,KG,F,BP,ASY,REC,Y,35,23,12,66,17.2,63,8.4,4.5,5.3,27.4,N,N,Y,N,Y,316-2019,Chicks,NA,,,,,,,,,,,
BCCH,2830-31915,RSW,2019,26-May,8:24,8:36,N,BLD,H Bittman,,,,KCG,F,BP,ASY,REC,Y,36,24,12,67,17.1,67,8.6,4.3,5.3,27.4,N,N,Y,N,N,274-2019,Chicks,LPO,,,,,,,,,,,
BCCH,2090-37403,YWB,2019,30-May,7:55,8:00,N,BLD,Taiko,,,,ANT,M,CP,U,-,Y,>30,-,-,69,17.9,65,7.5,3.8,3.2,27.6,N,N,Y,N,N,326-2019,NA,NA,,,,,,,,,,,
BCCH,2090-37412,BBB,2019,31-May,8:26,8:30,N,BLD,Lafayette,,,,KF,M,CP,ASY,REC,Y,,,,64,17.4,60,9.5,4.5,4.9,26.8,,,Y,,Y,251-2019,Chicks,NA,,,,,,,,,,,
BCCH,2830-31923,BWR,2019,28-May,10:12,10:20,N,BLD,Bobbee & Lyle,,,,ANT,M,CP,AHY,REC,Y,37,24,13,69,18.8,70,7.3,4,3.6,28.1,N,N,Y,N,,277-2019,Chicks,NA,,,,,,,,,,,
BCCH,2830-31924,WPR,2019,31-May,7:23,7:34,N,BLD,Connie R,,,,KG,M,CP,ASY,REC,Y,36,24,12,74,17.9,72,7.4,4.4,5.2,28,N,N,Y,N,Y,272-2019,Chicks,NA,,,,,,,,,,,
BCCH,2830-31929,BOS,2019,31-May,8:52,8:58,N,BLD,Connie R,,,,KG,F,BP,ASY,REC,Y,35,24,11,66,17.5,65,7.8,4.1,5,27,N,N,Y,N,Y,272-2019,Chicks,NA,,,,,,,,,,,
BCCH,2830-31939,OGS,2019,1-Jun,10:08,10:14,N,CU,Old Main,,,,KCG,M,CP,AHY,REC,Y,37,24,13,70,16.9,68,7.1,4.8,5.5,28.6,N,N,Y,N,Y,115-2019,Chicks,NA,,,,,,,,,,,
BCCH,2830-31938,PGY,2019,1-Jun,9:40,9:47,N,CU,Varsity Pond,,,,KCG,M,CP,ASY,REC,Y,35,24,11,67,17.9,66,7.4,4.4,6,27.2,N,N,Y,N,Y,125-2019,Chicks,NA,,,,,,,,,,,
BCCH,2090-37431,OOB,2019,4-Jun,10:23,10:27,N,CU,EBIO Main Office,,,,ANT,F,BP,AHY,REC,Y,33.5,22,11.5,65,17.7,67,7.8,4,4.1,28.1,N,N,Y,N,Y,134-2019,Chicks,WRW,,,,,,,,,,,
BCCH,2090-37430,WRW,2019,4-Jun,9:37,9:48,N,CU,EBIO Main Office,,,,ANT,M,CP,AHY,REC,Y,33,22,11,68,18.1,66,7.3,4,4,27.9,N,N,Y,N,Y,134-2019,Chicks,OOB,,,,,,,,,,,
BCCH,2830-31940,WLL,2019,5-Jun,8:05,8:20,N,CU,Hellems,,,,KCG,M,CP,AHY,REC,Y,35,24,11,68,17.4,65,8.9,4.5,5.5,28.1,N,N,Y,N,Y,108-2019,Chicks,NA,,,,,,,,,,,
BCCH,2830-31941,YGO,2019,5-Jun,9:01,9:11,N,CU,Hellems,,,,KCG,F,BP,ASY,REC,Y,35.5,24,11.5,63,18.5,62,8.1,4.8,5.2,28.1,N,N,Y,N,Y,108-2019,Chicks,NA,,,,,,,,,,,
BCCH,2090-37444,SLS,2019,8-Jun,9:27,9:36,N,BLD,Cynthia's Manor,,,,ANT,M,CP,AHY,REC,Y,35.5,25.5,10,63,18.4,60,7.4,4,4,28.3,N,N,Y,N,Y,345-2019,chicks,NA,,,,,,,,,,,
BCCH,2090-37448,WSB,2019,10-Jun,9:20,9:36,N,SGR,Debi's House,,,,ANT,M,CP,AHY,REC,Y,36,24,12,69,20.2,67,7.2,3.7,3.4,27.6,N,N,Y,N,Y,NA,NA,NA,,,,,,,,,,,
BCCH,2090-37445,SBL,2019,10-Jun,8:35,8:50,N,SGR,Debi's House,,,,ANT,F,BP,NA,NA,Y,NA,NA,NA,64,19.8,62,7.3,4,3.3,32.1,N,N,Y,N,Y,NA,NA,NA,,,,,,,,,,,
BCCH,2830-31953,YBW,2019,10-Jun,8:06,8:24,N,CU,Macky,,,,KCG,M,CP,ASY,REC,Y,35,24,11,67,17.2,68,7.4,4.8,5.2,27.8,N,N,Y,N,Y,113-2019,chicks,NA,,,,,,,,,,,
BCCH,2090-37457,OWL,2019,10-Jun,8:26,8:36,N,BLD,Liz Robinson,,,,ANT,M,CP,AHY,REC,Y,34,22,12,68,20.5,70,7.6,4.4,4,31,N,N,Y,N,Y,297-2019,chicks,NA,,,,,,,,,,,
BCCH,2090-37458,PBP,2019,10-Jun,8:59,9:07,N,BLD,Liz Robinson,,,,ANT,F,BP,ASY,REC,Y,39,28,11,64,18.7,65,7.5,4.4,4.3,27.6,N,N,Y,N,Y,297-2019,chicks,NA,,,,,,,,,,,
BCCH,2830-31964,OPY,2019,14-Jun,7:59,8:08,N,BLD,Brett + Kendi's,,,,KCG,F,BP,AHY,REC,Y,34,24,10,61,16.6,59,7.4,4.5,5.2,27,N,N,Y,N,Y,287-2019,chicks,NA,,,,,,,,,,,
BCCH,2090-37470,AAW,2019,27-Jun,7:26,7:40,N,SGR,Tracy,,,,ANT,F,BP,AHY,tail feathers,Y,39,26,13,65,19.3,65,7.7,3.9,3.7,27.5,N,N,Y,N,Y,336-2019,-,NA,,,,,,,,,,,
BCCH,2090-37484,LPY,2019,2-Jul,8:08,8:14,N,SGR,Strooks,,,,ANT,M,CP,AHY,REC,Y,36.5,25.5,11,63,18.3,65,7.5,4.2,4,27.4,N,N,Y,N,Y,207-2019,chicks,NA,,,,,,,,,,,
BCCH,2830-31975,OAO,2019,7-Jul,7:45,7:53,N,BLD,Paula's,,,,KCG,F,BP,AHY,REC,Y,37,26,11,65,17.4,63,7.4,4.1,5.1,27.4,N,N,Y,Y,Y,295-2019,chicks,BBL,,,,,,,,,,,
BCCH,2830-31973,BBL,2019,7-Jul,7:15,7:25,N,BLD,Paula's,,,,KCG,M,CP,SY,REC,Y,37,24,13,65,18.1,69,8,4.7,6.1,28.1,N,N,Y,N,Y,295-2019,chicks,OAO,,,,,,,,,,,
BCCH,2830-31991,YBO,2020,23-May,6:34,6:42,N,BLD,Anie Roche,-,-,-,KCG,M,CP,ASY,Rec,Y,36,24,12,70,17.2,65,8.1,4.7,5.1,29.1,N,N,Y,N,N,256-2020,chicks,OWA,-,,,,,,,,,,
BCCH,2830-31993,OWA,2020,23-May,8:41,8:46,N,BLD,Anie Roche,-,-,-,KCG,F,BP,ASY,Rec,Y,37,26,11,64,17.9,65,7.6,4.6,5.1,25.6,N,N,Y,N,N,256-2020,chicks,YBO,-,,,,,,,,,,
BCCH,2830-31992,OYO,2020,23-May,8:06,8:12,N,BLD,Anie R. Creek,-,-,-,KCG,F,BP,AHY,Rec,Y,34,23,11,66,18.1,64,8.3,5,4.9,28.1,N,N,Y,N,N,257-2020,chicks,AWG,-,,,,,,,,,,
BCCH,2830-31990,AWG,2020,23-May,6:10,6:20,N,BLD,Creek,-,-,-,KCG,M,CP,AHY,Rec,Y,35,24,11,70,17.2,69,7.9,4.5,5.4,28.8,N,N,Y,N,N,257-2020,chicks,OYO,-,,,,,,,,,,
BCCH,2830-31999,GPB,2020,24-May,10:30,10:45,N,BLD,Shopnitz's,-,-,-,KCG,F,BP,AHY,Rec,Y,36,25,11,63,17.1,61,7.5,4.2,5,-,N,N,Y,N,N,289-2020,chicks,BWR,-,,,,,,,,,,
BCCH,2830-31997,WAW,2020,24-May,9:02,9:11,N,BLD,Shopnitz's,-,-,-,KCG,F,BP,AHY,Rec,Y,35,24,11,62,16.2,61,7.4,4.3,4.5,26.5,N,N,Y,N,N,300-2020,chicks,OGA,-,,,,,,,,,,
BCCH,2830-31996,GYA,2020,24-May,8:09,8:15,N,BLD,Stephanie M,-,-,-,KCG,M,CP,ASY,Rec,Y,-,-,-,69,17,,7.5,4.5,5.1,28.1,N,N,Y,N,N,281-2020,chicks,RLO,-,,,,,,,,,,
BCCH,2830-31995,BOO,2020,24-May,7:27,7:34,N,BLD,Carrie Segil,-,-,-,KCG,F,BP,ASY,Rec,Y,34,23,11,66,17.3,66,8.9,4.4,5,28.3,N,N,Y,N,N,373-2020,chicks,AYW,-,,,,,,,,,,
BCCH,2830-31994,AYW,2020,24-May,7:00,7:18,N,BLD,Carrie Segil,-,-,-,KCG,M,CP,ASY,Rec,Y,34,23,11,71,18.1,71,8,5.3,5.6,28.5,N,N,Y,N,N,373-2020,chicks,BOO,-,,,,,,,,,,
BCCH,2830-32004,BGW,2020,25-May,18:00,18:06,N,BLD,Taiko H.,-,-,-,KCG,F,BP,ASY,Rec,Y,34,22,12,63,17.4,64,7.4,4.4,4.1,26.7,N,N,Y,N,N,326-2020,chicks,YLA,-,,,,,,,,,,
BCCH,2830-32005,YLA,2020,25-May,18:02,18:15,N,BLD,Taiko H.,-,-,-,KCG,M,CP,ASY,Rec,Y,36,24,12,70,18.1,69,8.1,5.2,5.4,27.9,N,N,Y,N,N,326-2020,chicks,BGW,-,,,,,,,,,,
BCCH,2830-32003,YWA,2020,25-May,17:21,17:29,N,BLD,Jeff M,-,-,-,KCG,F,BP,AHY,Rec,Y,39,23,16,64,17.6,63,7.3,4.5,5.1,27.3,N,N,Y,N,N,266-2020,chicks,Pox #1-2020,-,,,,,,,,,,
BCCH,"Pox1-2020	",Pox #1-2020,2020,25-May,16:52,-,N,BLD,Jeff M,-,-,-,KCG,M,CP,ASY,Rec,Y,37,24,13,-,,,,,,,N,N,Y,N,N,266-2020,chicks,YWA,-,,,,,,,,,,
BCCH,2830-32002,OYB,2020,25-May,11:30,11:40,N,CU,Mackey,-,-,-,KCG,F,BP,ASY,Rec,Y,36,23,13,65,17.1,63,7.5,4.5,5,26.9,N,N,Y,N,N,113-2020,chicks,GYW,-,,,,,,,,,,
BCCH,2830-32001,GSW,2020,25-May,11:12,11:17,N,CU,Mackey,-,-,-,KCG,M,CP,ASY,Rec,Y,35,23,12,70,17,-,6.7,4.5,5.1,27.3,N,N,Y,N,N,118-2020,chicks,OBL,-,,,,,,,,,,
BCCH,2830-32000,OBL,2020,25-May,11:00,11:05,N,CU,Mackey,-,-,-,KCG,F,BP,AHY,Rec,Y,34,22,12,63,15.9,65,6.5,4.2,5,26.2,N,N,Y,N,N,118-2020,chicks,GSW,-,,,,,,,,,,
BCCH,2830-32011,YPY,2020,26-May,10:07,10:15,N,CU,Woodruff Cottage,-,-,-,KCG,F,BP,AHY,Rec,Y,35,-,-,65,17.3,67,7.2,4.3,5.1,27.3,N,N,Y,N,N,119-2020,chicks,OGS,-,,,,,,,,,,
BCCH,2830-32010,BBO,2020,26-May,8:10,8:16,N,BLD,George L.,-,-,-,KCG,F,BP,AHY,Red,Y,34,23,11,66,17.3,67,6.3,4.6,5.1,26.9,N,N,Y,N,N,387-2020,chicks,unk,,,,,,,,,,,
BCCH,2830-32009,GYY,2020,26-May,6:37,6:47,N,BLD,Marty A,-,-,-,KCG,F,BP,ASY,Rec,Y,31,20,11,65,17.2,65,7.5,4.8,5.4,27.4,N,N,Y,N,N,398-2020,chicks,BWW,-,,,,,,,,,,
BCCH,2830-32016,YAO,2020,27-May,9:40,9:47,N,BLD,Watershed School,-,-,-,KCG,M,CP,AHY,Rec,Y,34,23,11,66,17.1,64,7.5,5.1,5.7,27.4,N,N,Y,N,N,388-2020,chicks,BLW,-,,,,,,,,,,
BCCH,2830-32015,BLW,2020,27-May,9:15,9:24,N,BLD,Watershed School,-,-,-,KCG,F,BP,ASY,Rec,Y,35,23,12,67,17.3,66,7.3,5,5.2,26.9,N,N,Y,N,N,388-2020,chicks,YAO,-,,,,,,,,,,
BCCH,2830-32013,PSO,2020,27-May,8:10,8:20,N,BLD,Cynthia,-,-,-,KCG,M,CP,ASY,Rec,Y,34,23,11,71,17.4,65,7.5,4.4,5.5,27.4,N,N,Y,N,N,347-2020,chicks,YAB,-,,,,,,,,,,
BCCH,2830-32014,YAB,2020,27-May,8:34,8:42,N,BLD,Cynthia,-,-,-,KCG,F,BP,ASY,Rec,Y,35,23,12,66,17.2,66,7.4,4.2,5.7,28.1,N,N,Y,N,N,347-2020,chicks,PSO,-,,,,,,,,,,
BCCH,2830-32012,BWW,2020,27-May,7:40,7:48,N,BLD,Marty A,-,-,-,KCG,M,CP,AHY,Rec,Y,35,23,12,66,17.1,66,7.5,4.8,6.3,27.5,N,N,Y,N,N,398-2020,chicks,GYY,-,,,,,,,,,,
BCCH,2830-32076,GBG,2020,2-Jun,13:20,13:30,N,BLD,Stacy W.,-,-,-,KCG,F,BP,AHY,Rec,Y,33,22,11,62,17.1,60,7.3,4.3,4.5,27.3,N,N,Y,N,N,409-2020,chicks,YPW,,,,,,,,,,,
BCCH,2830-32075,YPW,2020,2-Jun,12:35,12:40,N,BLD,Stacy W.,-,-,-,KCG,M,CP,AHY,Rec,Y,34,22,12,62,17.8,65,7.6,4.3,5.4,27.6,N,N,Y,N,N,409-2020,chicks,GBG,,,,,,,,,,,
BCCH,2830-32078,YOY,2020,3-Jun,9:40,NA,N,BLD,David K.,-,-,-,KCG,F,BP,ASY,Rec,Y,34,23,11,63,17.1,61,7.5,4.5,4.7,26.1,N,N,Y,N,N,269-2020,chicks,AGG,,,,,,,,,,,
BCCH,2830-32077,AGG,2020,3-Jun,9:41,9:47,N,BLD,David K.,-,-,-,KCG,M,CP,AHY,Rec,Y,34,23,11,68,17.2,66,7.9,4.5,4.4,27.4,N,N,Y,N,N,269-2020,chicks,YOY,,,,,,,,,,,
BCCH,2830-32090,LGL,2020,4-Jun,9:35,9:45,N,BLD,Erin H.,-,-,-,KCG,M,CP,AHY,Rec,Y,35,23,12,66,17.8,65,8,4.9,5.3,27.4,N,N,Y,N,N,320-2020,chicks,PWP,,,,,,,,,,,
BCCH,2830-32091,PWP,2020,4-Jun,10:09,10:15,N,BLD,Erin H.,-,-,-,KCG,F,BP,ASY,Rec,Y,34,22,12,67,18.3,63,7.7,4.4,4.4,27.4,N,N,Y,N,N,320-2020,chicks,LGL,,,,,,,,,,,
BCCH,2900-40605,GBW,2020,8-Jun,11:34,11:40,N,SGR,Andrew McAdam,-,-,-,ANT,F,BP,-,-,Y,27,16.5,10.5,63,18.5,68,7.8,3.8,4.4,27.5,9.8/17.4,Y,Y,N,N,408-2020,10 day old nestlings,-,Single parent,,,,,,,,,,
BCCH,2900-40631,WBG,2020,13-Jun,8:39,8:45,N,BLD,Deb Hopkins,-,-,-,ANT,M,CP,-,-,Y,31,17.5,13.5,65,18.7,70,7.2,4.1,4.3,27.8,N,N,Y,N,N,220-2020,12 day old nestlings,BYP,,,,,,,,,,,
BCCH,2900-40632,BYP,2020,13-Jun,9:15,9:21,N,BLD,Deb Hopkins,-,-,-,ANT,F,BP,-,-,Y,29,18,11,61,18.2,66,,4.2,4.4,27.2,N,N,Y,N,N,220-2020,12 day old nestlings,,,,,,,,,,,,
BCCH,2900-40641,WWG,2020,14-Jun,9:02,9:06,N,BLD,Dharma's Garden,-,-,-,ANT,F,BP,-,-,Y,27.5,17.5,10,61,17,65,7.2,4.1,4.7,26.5,N,N,Y,N,N,285-2020,12 day old nestlings,YPA,,,,,,,,,,,
BCCH,2900-40640,YPA,2020,14-Jun,8:38,8:42,N,BLD,Dharma's Garden,-,-,-,ANT,M,CP,-,-,Y,28.5,17,11.5,65,17.4,69,8.4,4.5,4.4,29.1,N,N,Y,N,N,285-2020,12 day old nestlings,WWG,,,,,,,,,,,
BCCH,2900-40650,GBV,2020,15-Jun,10:10,10:15,N,BLD,Kathryn's,-,-,-,ANT,F,BP,-,-,Y,29.5,17.5,12,63,18.4,65,7.7,4.2,4.6,28.2,N,N,Y,N,N,330-2020,12 day old nestlings,ROY,Color bands not on band combo sheet,,,,,,,,,,
BCCH,2830-31884,ROY,2020,15-Jun,10:20,10:22,N,BLD,Kathryn's,-,-,-,ANT,M,CP,ASY,RECAP,Y,30,17.5,12.5,-,,,,,,,,,Y,N,N,330-2020,12 day old nestlings,GBV,,,,,,,,,,,
BCCH,2830-32004,BGW,2021,29-May,605,617,N,BLD,BLD-326,-,-,-,ANT,F,BP,ASY,recap,Y,28.5,17.5,11,64,-,,,,,,Y,N,N,N,N,BLD-326,before D12 nestlings,YLA,,,,,,,,,,,
BCCH,2130-17447,AGA,2021,29-May,729,733,N,BLD,BLD-276 - Vanessa,-,-,-,ANT,F,BP,AHY,rec,Y,29,17.5,11.5,60,17.2,61,7.5,3.9,3.7,26.6,Y,N,N,N,N,BLD-276 - Vanessa,before D12 nestlings,YWO,,,,,,,,,,,
BCCH,2130-17448,ABV,2021,29-May,835,846,N,BLD,BLD-289,-,-,-,ANT,F,BP,ASY,rec,Y,30.5,17.5,13,62,18.2,62,8.3,4,4.2,27.3,Y,N,N,N,N,BLD-289,before D12 nestlings,WOG,,,,,,,,,,,
BCCH,2130-17449,YVW,2021,31-May,702,710,N,BLD,"BLD-351 (""green box"")",-,-,-,ANT,F,BP,AHY,rec,Y,28.5,17.5,11,62,18.2,63,8.5,4.2,4.1,28.3,Y,N,N,N,N,"BLD-351 (""green box"")",before D12 nestlings,-,,,,,,,,,,,
BCCH,2130-17450,ABW,2021,2-Jun,724,729,N,BLD,BLD-256 - Anie R.,-,-,-,ANT,F,BP,AHY,rec,Y,28.5,18.5,10,65,18.8,63,7.4,4.2,4.4,26.4,Y,N,N,N,N,BLD-256 - Anie R.,before D12 nestlings,-,,,,,,,,,,,
BCCH,2130-17451,YYG,2021,2-Jun,750,756,N,BLD,BLD-321,-,-,-,ANT,F,BP,AHY,rec,Y,28,18.5,9.5,63,17.7,61,7.5,4.1,4.4,28.9,Y,N,N,N,N,BLD-321,before D12 nestlings,OOW,,,,,,,,,,,
BCCH,2130-17452,OOW,2021,2-Jun,811,814,N,BLD,BLD-321,-,-,-,ANT,M,CP,AHY,rec,Y,30,18,12,69,17.1,65,7.7,4.7,4.4,28.1,Y,N,N,N,N,BLD-321,before D12 nestlings,YYG,,,,,,,,,,,
BCCH,2130-17453,YYY,2021,2-Jun,901,905,N,BLD,BLD-281 - Stephanie M,-,-,-,ANT,M,CP,AHY,rec,Y,29.5,17.5,12,67,17.8,66,7.8,4.8,4.6,27.3,Y,N,N,N,N,BLD-281 - Stephanie M,before D12 nestlings,VGB,,,,,,,,,,,
BCCH,2130-17454,VVY,2021,2-Jun,1022,1030,N,BLD,BLD-300,-,-,-,ANT,F,BP,AHY,bp,Y,28.5,18,10.5,63,18.1,64,7.5,4.2,4.8,27.2,Y,N,N,N,N,BLD-300,before D12 nestlings,-,,,,,,,,,,,
BCCH,2130-17455,YOB,2021,3-Jun,721,724,N,BLD,BLD-333,-,-,-,ANT,F,BP,AHY,rec,Y,30,17.5,12.5,62,18.2,62,8.2,4.4,4.8,28.2,Y,N,N,N,N,BLD-333,before D12 nestlings,VAW,,,,,,,,,,,
BCCH,2130-17456,GYV,2021,3-Jun,759,808,N,BLD,BLD-349 - Paul B,-,-,-,ANT,F,BP,AHY,rec,Y,29.5,18,11.5,62,18.8,64,8.2,4.3,4.4,28.1,Y,N,N,N,N,BLD-349 - Paul B,before D12 nestlings,YOA,,,,,,,,,,,
BCCH,2130-17457,YOA,2021,3-Jun,804,819,N,BLD,BLD-349 - Paul B,-,-,-,ANT,M,CP,AHY,rec,Y,29.5,17,12.5,68,19,65,7.5,4.2,4.1,27.6,Y,N,N,N,N,BLD-349 - Paul B,before D12 nestlings,GYV,,,,,,,,,,,
BCCH,2130-17458,YVB,2021,3-Jun,852,857,N,BLD,BLD-398 - Marty A,-,-,-,ANT,M,CP,AHY,rec,Y,28.5,18,10.5,69,18.2,67,7.7,4.2,4.4,27.8,Y,N,N,N,N,BLD-398 - Marty A,before D12 nestlings,GYY,,,,,,,,,,,
BCCH,2130-17475,YWO,2021,4-Jun,1011,1016,N,BLD,BLD-276 - Vanessa,-,-,-,ANT,M,CP,AHY,rec,Y,29.5,17.5,12,63,19.8,64,8,4.5,4.6,28.2,Y,N,N,N,N,BLD-276 - Vanessa,D12 nestlings,AGA,,,,,,,,,,,
BCCH,2130-17479,VBG,2021,6-Jun,656,708,N,BLD,BLD-281 - Stephanie M,-,-,-,ANT,F,BP,AHY,breeding,Y,26.5,16,10.5,63,N/A,61,7.7,4.4,4.4,26.8,Y,N,N,N,N,BLD-281 - Stephanie M,D12 nestlings,YYY,,,,,,,,,,,
BCCH,2130-17497,VAW,2021,9-Jun,623,627,N,BLD,BLD-333 - Madga,-,-,-,ANT,M,CP,AHY,breeding,Y,26.5,15,11.5,62,20.3,60,8,4.4,4.2,28.4,Y,N,N,N,N,BLD-333 - Madga,D12 nestlings,YOB,,,,,,,,,,,
BCCH,2910-53902,WOG,2021,9-Jun,909,920,N,BLD,BLD-289 - Shopnitz,-,-,-,ANT,M,CP,AHY,breeding,Y,28,16,12,68,19,67,7.6,4.5,4.5,27.8,Y,N,N,N,N,BLD-289 - Shopnitz,D12 nestlings,ABV,,,,,,,,,,,
BCCH,2910-53914,WVG,2021,10-Jun,813,819,N,BLD,BLD-365 - Bob&Ann Parker,-,-,-,ANT,M,CP,AHY,CP,Y,25.5,15,10.5,67,18.4,64,7.4,4.4,4.8,28.2,Y,N,N,N,N,BLD-365 - Bob&Ann Parker,before D12 nestlings,VYY,,,,,,,,,,,
BCCH,2910-53915,VYY,2021,10-Jun,830,836,N,BLD,BLD-365 - Bob&Ann Parker,-,-,-,ANT,F,BP,AHY,BP,Y,28,18,10,65,17.3,62,8.2,4.3,4.7,27.7,Y,N,N,N,N,BLD-365 - Bob&Ann Parker,before D12 nestlings,WVG,,,,,,,,,,,
BCCH,2910-53929,VYB,2021,14-Jun,615,617,N,BLD,BLD-319 - Erin Harding,-,-,-,ANT,M,CP,AHY,breeding,Y,28.5,16,12.5,65,20.4,68,7.7,4,4.2,27.8,Y,N,N,N,N,BLD-319 - Erin Harding,D12 nestlings,PWP,,,,,,,,,,,
BCCH,2910-54250,WBO,2021,13-Jul,800,807,N,MRS,MRS-089,-,-,-,ANT,F,BP,AHY,BP,Y,27.5,16,11.5,67,19.9,69,8.1,5.3,5,27.8,Y,N,N,N,N,MRS-089,D12 nestlings,BXG,missing a color band on left leg (X) due to swollen leg,,,,,,,,,,
BCCH,2910-54251,BXG,2021,13-Jul,829,837,N,MRS,MRS-089,-,-,-,ANT,M,CP,AHY,CP,Y,27.5,16,11.5,65,18.1,67,8,4.4,4.5,27.9,Y,N,N,N,N,MRS-089,D12 nestlings,WBO,,,,,,,,,,,
BCCH,2830-31802,BOP,2017,20-Jun,,,N,2868 Loma Pl,Backyard,,,,KCG,,,,,,,,,,,,,,,,,,,,,,,,,,,,,,,,,,
BCCH,2830-31803,WLO,2017,6-Jul,,,N,Carol Kearns,Feeder,,,,KCG,,,,,,,,,,,,,,,,,,,,,,,,,,,,,,,,,,
BCCH,2830-31804,LBL,2017,11-Jul,,,N,Louise,Side yard,,,,KCG,,,,,,,,,,,,,,,,,,,,,,,,,,,,,,,,,,
BCCH,2830-31805,OLB,2017,11-Jul,,,N,Louise,Side yard,,,,KCG,,,,,,,,,,,,,,,,,,,,,,,,,,,,,,,,,,
BCCH,2830-31806,WWB,2017,11-Jul,,,N,Louise,Side yard,,,,KCG,,,,,,,,,,,,,,,,,,,,,,,,,,,,,,,,,,
BCCH,2830-31836,WLR,2018,6-Jun,7:24,7:35,N,2868 Loma Pl,Backyard,454471,4431398,1658,KCG,M,CP,AHY,Rec,Y,36,24,12,67,17.7,64,8.5,5.1,5.7,27.3,5.4,6.1,4.4,NA,2,0,N,N,N,N,N,Y,N,N,Paired/Nest,2868 Loma Pl,Chicks: day 12,None,captured with mist net; seen feeding nestlings in nest box in East yard behind 2868 Loma
BCCH,2830-31843,OPR,2018,13-Jun,7:48,8:15,N,Shopnitz's Backyard,Feeder,40.050708,-105.265688,1652.3,KCG,F,BP,AHY,Rec/BP,Y,36,24,12,65,17.2,64,9.2,4.8,5.5,26.9,NA,NA,NA,NA,3,0,N,N,Y,N,N,Y,N,N,Paired/Nest,U,U,None,Bird weight with bands
BCCH,2830-31844,LOR,2018,14-Jun,6:35,6:58,N,Deane's House,Backyard,,,,KCG,M,CP,AHY,Rec/CP,Y,38,26,12,68,18.8,65,8.7,5.1,5,27.8,5.8,5.7,2.3,NA,2,0,N,N,Y,N,N,Y,N,Y,U,U,U,OPP,"Molting primaries, bleeding toenail from net extraction, bird weight with bands"
BCCH,2830-31845,OPP,2018,14-Jun,6:38,7:19,N,Deane's House,Backyard,,,,KCG,F,BP,AHY,BP,Y,36,25,11,62,18.7,66,8.8,5.4,5.5,27,NA,NA,NA,NA,2,0,N,N,Y,N,N,Y,N,Y,U,U,U,LOR,"Molting primaries, one secondary, and central rectrices; bird weight with bands"
BCCH,2830-31846,SOS,2018,14-Jun,7:53,8:02,N,Deane's House,Front Yard,,,,KCG,M,CP,AHY,Rec/CP,Y,36,25,11,71,17.8,68,8.4,4.7,6.4,27.4,4.9,5.2,3.4,NA,3,0,N,N,N,N,N,Y,N,Y,U,U,U,None,Bird weight with bands
BCCH,2830-31847,RBB,2018,21-Jun,6:37,6:58,N,Kendi's House,Backyard,454318,4431469,1623,KCG,M,CP,AHY,CP,Y,38,25,13,71,16.8,64,9,5.5,5.5,27.6,7.3,8,5.3,NA,3,0,N,N,Y,N,N,Y,N,Y,U,U,U,None,Molting 2 primaries
BCCH,2830-31848,WRL,2018,21-Jun,7:28,7:39,N,Kendi's House,Backyard,454318,4431469,1623,KCG,M,CP,AHY,Molt,Y,37,25,12,65,17.1,65,9.6,5.1,4.9,26.4,3.4,3.8,3,NA,2,0,N,N,Y,N,N,Y,N,Y,U,U,U,None,"Molting 1 primary, secondary coverts, 4 tail feathers, and back"
BCCH,2830-31849,LOL,2018,22-Jun,6:21,6:51,N,Nathan's House,Backyard,477952,4425537,1628,KCG,F,BP,AHY,BP,Y,37,26,11,62,17.3,62,9.9,5.5,5.4,27.3,NA,NA,NA,NA,2,0,N,N,Y,N,N,Y,N,Y,Paired,U,U,BOB,Copulation with BOB; molting 1 primary; bird weight with bands
BCCH,2830-31850,BOB,2018,22-Jun,6:21,7:07,N,Nathan's House,Backyard,477952,4425537,1628,KCG,M,CP,AHY,CP,Y,37,25,12,68,18.4,69,8.9,5,5.5,28,2.9,5.2,3.2,NA,3,0,N,N,Y,N,N,Y,N,Y,Paired,U,U,LOL,"Copulation with LOL; molting 1 primary, 2 rectreces, bird weight with bands"
BCCH,2830-31851,PPR,2018,22-Jun,7:24,8:04,N,Nathan's House,Backyard,477952,4425537,1628,KCG,U,NA,U,NA,Y,37,26,11,67,17.8,67,7.9,4.9,4.4,26.9,NA,NA,NA,NA,2,0,N,N,N,N,N,Y,N,N,U,U,U,OWP,"looks like has BP (missing feathers on belly); doesn’t want to fly when released, placed in tree and later flew off well; feathers look great! Suggests HY; wing fluttered instead of flying when released; likely fledgling of OWP"
BCCH,2830-31852,OWP,2018,22-Jun,7:24,8:26,N,Nathan's House,Backyard,477952,4425537,1628,KCG,F,BP,AHY,BP,Y,37,26,11,65,17.8,63,8.8,5,5.3,27.5,NA,NA,NA,NA,2,0,N,N,Y,N,N,Y,N,Y,U,U,U,PPR,"moltings 4 rectrices, growing in feathers on BP, crown feathers very worn, molting 3 primaries, 1 secondary, bird weight with bands"
BCCH,2830-31853,BBW,2018,27-Jun,6:39,6:50,N,Alice V's House,Backyard,,,,KCG,U,NA,HY,Behavior,Y,36,25,11,68,18.1,68,8.4,4.9,5.4,26.9,NA,NA,NA,NA,2,0,N,N,N,N,N,Y,N,Y,U,U,U,None,No feathers on belly
BCCH,2830-31854,ORS,2018,28-Jun,6:52,7:04,N,KK's House,Backyard,478217,4425131,1706,KCG,M,CP,AHY,CP,Y,38,25,13,66,17.4,67,9.6,5.1,5.7,28.3,5,5.4,3.8,NA,2,0,N,N,Y,N,N,Y,N,Y,U,U,U,None,molting 2 primaries and 3 rectrices
BCCH,2830-31855,SRS,2018,29-Jun,7:42,7:52,N,Nathan's House,Backyard,,,,KCG,F,BP,AHY,BP,Y,37,25,12,67,17.2,67,10,5.4,5.2,26.8,NA,NA,NA,NA,2,1,N,N,Y,N,N,Y,N,Y,U,U,U,None,"molting 2 primaries, missing rectrices/molting 2 rectrices"
BCCH,2830-31856,SWP,2018,29-Jun,8:13,8:21,N,Nathan's House,Backyard,,,,KCG,U,NA,HY,Bill/plumage,Y,37,25,12,64,17.7,63,8.2,4.3,4.5,26.4,NA,NA,NA,NA,3,1,N,N,N,N,N,Y,N,Y,Fledgling,Fledgling,Fledgling,None,No feathers on belly; bird weight includes bands
BCCH,2830-31857,BRW,2018,4-Jul,6:41,7:01,N,Sheela's House,Backyard,478222,4425104,1607,KCG,U,NA,U,U,Y,38,24,14,72,19.2,69,7.7,4.7,5.7,28.1,NA,NA,NA,NA,3,0,N,N,Y,N,N,Y,N,Y,U,U,U,None,"ugly mold on head, molting 2 primaries, 1 secondary, all secondary coverts, molting 2 rectrices, bird sang in response to playback"
BCCH,2830-31858,WWO,2018,4-Jul,7:41,7:50,N,Sheela's House,Backyard,478222,4425104,1607,ANH,U,NA,HY,Plumage,Y,36,24,12,66,18.7,67,8.4,4,3.3,27.1,NA,NA,NA,NA,2,0,N,N,N,N,N,Y,N,Y,U,U,U,None,None
BCCH,2830-31859,WOL,2018,5-Jul,7:37,7:41,N,Norris's House,Backyard,476696,4431052,1563,KCG,F,BP,AHY,BP,Y,34,23,11,66,18.5,65,8.4,4.5,5.1,27.3,NA,NA,NA,NA,2,0,N,N,Y,N,N,Y,N,Y,U,U,U,None,"Molting 3 primaries, 1 rectrix"
BCCH,2830-31860,BBR,2018,5-Jul,7:59,8:15,N,Norris's House,Backyard,476696,4431052,1563,KCG,U,NA,HY,Rec,Y,35,24,11,65,17.4,67,7.7,4.1,4.2,26.6,NA,NA,NA,NA,2,2,N,N,N,N,N,Y,N,Y,Fledgling,Fledgling,Fledgling,None,None
BCCH,2830-31861,BPL,2018,11-Jul,7:45,8:19,N,KK's House,Backyard,478216,4425099,1642,KCG,U,NA,HY,Rec,Y,36,24,12,65,18.5,68,7.4,4.2,4.5,25.6,NA,NA,NA,NA,1,1,N,N,N,N,N,Y,N,Y,Fledgling,Fledgling,Fledgling,None,Bird weight with bands
BCCH,2830-31862,BLB,2018,13-Jul,7:35,8:00,N,Shopnitz's Backyard,Feeder,40.050708,-105.265688,1652.3,KCG,U,NA,AHY,Molt,Y,38,25,13,68,18.8,68,7.9,4.6,4.9,27.4,NA,NA,NA,NA,2,0,N,N,Y,N,N,Y,N,Y,U,U,U,SLP,"bird weight with bands; molting 2 primaries, 4 rectrices, 1 secondary, belly feathers, secondary coverts, & head feathers"
BCCH,2830-31863,PPL,2018,20-Jul,7:28,7:40,N,Shopnitz's Backyard,Feeder,40.050708,-105.265688,1652.3,KCG,U,NA,HY,Rec,Y,37,26,11,68,17.9,65,6.5,4.3,4.2,26.6,NA,NA,NA,NA,1,0,N,N,Y,N,N,Y,N,Y,Fledgling,Fledgling,Fledgling,None,Molting belly head and some body; bird weight with bands
BCCH,2830-31864,WRR,2018,20-Jul,7:30,8:10,N,Shopnitz's Backyard,Feeder,40.050708,-105.265688,1652.3,KCG,U,NA,U,NA,Y,36,24,12,63,17.1,64,6.4,3.9,4.2,26.4,NA,NA,NA,NA,1,1,N,N,Y,N,N,Y,N,Y,U,U,U,None,"molting belly, unvercoverts, back. Rectrices very worn resembling AHY but not molting any flight feathers, relatively small bill and clean head; bird weight with bands"
BCCH,2830-31865,OOO,2018,20-Jul,8:05,8:35,N,Shopnitz's Backyard,Feeder,40.050708,-105.265688,1652.3,KCG,U,NA,AHY,Rec,Y,34,21,13,71,18.7,67,8,4,4.9,29,NA,NA,NA,NA,2,0,N,N,Y,N,N,Y,N,Y,U,U,U,None,"molting 4 rectrices, primaries looked very clean, molting breast"
BCCH,2830-31866,RRR,2018,20-Jul,8:38,8:54,N,Shopnitz's Backyard,Feeder,40.050708,-105.265688,1652.3,KCG,U,NA,U,NA,Y,33,21,12,67,17.7,70,6.4,4.1,3.5,26.5,NA,NA,NA,NA,3,3,N,N,N,N,N,Y,N,Y,U,U,U,None,None
BCCH,2830-31867,LPS,2018,20-Jul,8:30,9:15,N,Shopnitz's Backyard,Feeder,40.050708,-105.265688,1652.3,KCG,U,NA,AHY,Rec,Y,37,25,12,65,18.4,60,6.3,4.2,4,26.4,NA,NA,NA,NA,2,1,N,N,Y,N,N,Y,N,Y,U,U,U,None,"likely female, molting feathers on belly, molting head, back & legs"
BCCH,2830-31868,BSO,2018,20-Jul,8:40,9:27,N,Shopnitz's Backyard,Feeder,40.050708,-105.265688,1652.3,KCG,U,NA,HY,Rec,Y,33,22,11,69,17.9,64,6.9,4.3,3.5,27,NA,NA,NA,NA,2,1,N,N,N,N,N,Y,N,Y,U,U,U,None,None
BCCH,2830-31869,SSL,2018,20-Jul,9:05,9:45,N,Shopnitz's Backyard,Feeder,40.050708,-105.265688,1652.3,KCG,U,NA,AHY,Rec,Y,36,25,11,65,17.6,66,7.1,4.2,4,26.3,NA,NA,NA,NA,2,1,N,N,Y,N,N,Y,N,Y,U,U,U,None,"molting back, belly; bird weight with bands"
BCCH,2830-31870,PBS,2018,24-Jul,7:39,8:05,N,Shopnitz's Backyard,Feeder,40.050708,-105.265688,1652.3,KCG,U,NA,HY,Rec,Y,37,25,12,65,16.4,61,6.7,4.3,3.6,26.4,NA,NA,NA,NA,3,1,N,N,N,N,N,Y,N,Y,U,U,U,None,None
BCCH,2830-31871,LBW,2018,24-Jul,8:00,8:25,N,Shopnitz's Backyard,Feeder,40.050708,-105.265688,1652.3,KCG,U,NA,U,NA,Y,35,24,11,63,16.5,63,6,3.8,3.4,26.5,NA,NA,NA,NA,2,1,N,N,Y,N,N,Y,N,Y,U,U,U,None,"Molting 2 rectrices from the outside in, molting alula, coverts, 1 primary, 1 secondary"
BCCH,2830-31872,LOS,2018,24-Jul,8:16,8:49,N,Shopnitz's Backyard,Feeder,40.050708,-105.265688,1652.3,KCG,U,NA,HY,Rec,Y,36,25,11,67,17.8,67,6.9,4.3,4.2,27.3,NA,NA,NA,NA,2,0,N,N,Y,N,N,Y,N,Y,U,U,U,None,Molting belly feathers; bird weight includes bands
BCCH,2830-31873,BLL,2018,24-Jul,8:56,9:19,N,Shopnitz's Backyard,Feeder,40.050708,-105.265688,1652.3,KCG,U,NA,U,NA,Y,37,25,12,70,17.8,68,8.1,4.2,4.3,27.3,NA,NA,NA,NA,2,0,N,N,Y,N,N,Y,N,Y,U,U,U,None,"beginning to grow feathers on belly near furcula, molting under coverts, tail feathers missing ends, bird weight includes bands"
BCCH,2830-31875,WRO,2018,31-Jul,7:25,7:36,N,Shopnitz's Backyard,Feeder,40.050708,-105.265688,1652.3,KCG,U,NA,AHY,Rec,Y,36,25,11,65,17.2,65,7.6,4,4.1,26.6,NA,NA,NA,NA,2,0,N,N,Y,N,N,Y,N,N,U,U,U,None,"Seen with RRR; molting head, coverts, & belly"
BCCH,2830-31876,BSS,2018,31-Jul,7:27,7:48,N,Shopnitz's Backyard,Feeder,40.050708,-105.265688,1652.3,KCG,U,NA,AHY,Rec,Y,38,25,13,67,19.4,69,7.9,4.4,4.1,28.5,NA,NA,NA,NA,2,1,N,N,Y,N,N,Y,N,Y,U,U,U,None,"molting primaries, belly, head, back, secondaries & sides"
BCCH,2830-31877,SSB,2018,4-Nov-18,,,N,Kathryn's Backyard,Feeder/backyard,40.05071,-105.2657,1652.3,KCG,U,,,,,,,,,,,,,,,,,,,,,,,,,,,,,,,,,
BCCH,2830-31878,SBO,2018,11-Dec-18,,,N,Kathryn's Backyard,Feeder/backyard,40.05071,-105.2657,1652.3,KCG,U,,,,,,,,,,,,,,,,,,,,,,,,,,,,,,,,,
BCCH,2830-31879,SLW,2018,11-Dec-18,,,N,Kathryn's Backyard,Feeder/backyard,478222,4425104,1607,KCG,U,,,,,,,,,,,,,,,,,,,,,,,,,,,,,,,,,
BCCH,2830-31880,RSB,2018,11-Dec-18,,,N,Kathryn's Backyard,Feeder/backyard,478222,4425104,1607,KCG,U,,,,,,,,,,,,,,,,,,,,,,,,,,,,,,,,,
BCCH,2830-31881,WBW,2018,11-Dec-18,,,N,Kathryn's Backyard,Feeder/backyard,478222,4425104,1607,KCG,U,,,,,,,,,,,,,,,,,,,,,,,,,,,,,,,,,
BCCH,2830-31883,OOL,2018,11-Dec-18,,,N,Kathryn's Backyard,Feeder/backyard,478222,4425104,1607,KCG,U,,,,,,,,,,,,,,,,,,,,,,,,,,,,,,,,,
BCCH,2830-31884,ROY,2018,11-Dec-18,,,N,Kathryn's Backyard,Feeder/backyard,478222,4425104,1607,KCG,U,,,,,,,,,,,,,,,,,,,,,,,,,,,,,,,,,
BCCH,2018-47,NA,2019,22-Feb-19,NA,NA,N,Safran Window kill,house,454478,4431414,2852,KCG,U,,,,,,,,,,,,,,,,,,,,,,,,,,,,,,,,,
HYBRID,2130-17476,-,2021,4-Jun,1244,1248,N,BLD,BLD-287 - Kendi Davies,-,-,-,ANT,U,no BP,U,-,Y,27.5,15,12.5,65,17,64,8.1,4.8,4.2,28.2,Y,N,N,N,N,BLD-287 - Kendi Davies,incomplete nest,-,,,,,,,,,,,
MOCH,2830-31952,AGO,2019,6-Jun,10:58,11:05,N,BLD,Farmer Tim,,,,KCG,F,BP,U,-,Y,35,24,11,67,18,61,9.5,4.1,5.5,29.7,N,N,Y,N,Y,161-2019,Chicks,YSB,,,,,,,,,,,
MOCH,2830-31942,YSO,2019,5-Jun,15:30,15:40,N,MRS,Feeder,,,,ANT,M,CP,U,U,Y,35,24,11,65,20.8,59,8.3,3.7,3.8,33.4,N,N,Y,N,Y,U,U,NA,,,,,,,,,,,
MOCH,2830-31951,YSB,2019,6-Jun,9:37,9:45,N,BLD,Farmer Tim,,,,KCG,M,CP,U,-,Y,36,24,12,68,17.8,57,8.9,4.7,5.2,29.5,N,N,Y,N,Y,161-2019,Chicks,AGO,,,,,,,,,,,
MOCH,2090-37450,CBO,2019,10-Jun,9:50,10:06,N,SGR,Debi's House,,,,ANT,M,CP,U,-,Y,36,24,12,69,19.1,61,7.9,3.6,3.7,30.2,N,N,Y,N,Y,-,-,NA,,,,,,,,,,,
MOCH,2090-37445,YYL,2019,10-Jun,9:30,9:50,N,SGR,Debi's House,,,,ANT,M,CP,U,-,Y,37,25,12,67,21,61,8.7,3.7,3.7,30.1,N,N,Y,N,Y,-,-,NA,,,,,,,,,,,
MOCH,2090-37443,AYO,2019,8-Jun,8:15,8:34,N,BLD,Maureen Cameron,,,,KF,F,BP,-,-,Y,32,23,9,65,19.3,58,8.7,4,4.1,29,N,N,Y,N,Y,334-2019,chicks,NA,,,,,,,,,,,
MOCH,2090-37447,GWO,2019,10-Jun,9:15,9:27,N,SGR,Debi's House,,,,ANT,F,BP,-,-,Y,36,23,13,68,18,65,8.2,3.8,3.5,30.2,N,N,Y,N,Y,-,-,NA,,,,,,,,,,,
MOCH,2090-37446,OBO,2019,10-Jun,8:53,9:13,N,SGR,Debi's House,,,,ANT,F,BP,-,-,Y,33,22,11,65,20.8,66,9,3.7,3.9,31.1,N,N,Y,N,Y,-,-,NA,,,,,,,,,,,
MOCH,2830-31958,YWL,2019,10-Jun,10:20,10:30,N,SGR,Debi's House,,,,KCG,F,BP,U,-,Y,36,24,12,65,17.9,59,8.1,3.6,5.1,28.9,N,N,Y,N,Y,-,-,NA,,,,,,,,,,,
MOCH,2830-31957,APO,2019,10-Jun,9:30,10:04,N,SGR,Debi's House,,,,KCG,M,CP,U,-,Y,36,24,12,68,19,59,8.5,4.3,5,29.1,N,N,Y,N,-,-,-,NA,,,,,,,,,,,
MOCH,2830-31959,-,2019,12-Jun,8:50,9:16,N,MRS,Feeder,,,,ANT,M,CP,-,-,Y,36,24,12,66,21.5,62,8.8,3.7,3.8,30.3,N,N,Y,N,N,-,-,NA,,,,,,,,,,,
MOCH,2830-31960,GOS,2019,12-Jun,9:55,10:07,N,MRS,Feeder,,,,KCG,F,BP,-,-,Y,36,24,12,69,18.7,64,8.4,4.1,5.1,29,N,N,Y,N,N,-,-,NA,,,,,,,,,,,
MOCH,2830-31967,SSP,2019,21-Jun,7:40,7:52,N,SGR,Debi's House,,,,KCG,M,CP,U,-,Y,35,24,11,71,19.4,63,8.7,4.3,5.5,31.4,N,N,Y,N,Y,203-2019,chicks,Pox #3,,,,,,,,,,,
MOCH,2090-37475,OBS,2019,1-Jul,8:45,8:57,N,SGR,Wendy's,,,,ANT,M,CP,-,-,Y,36.5,25,11.5,67,19.7,65,8.6,3.6,3.4,30,N,N,Y,N,Y,158-2019,chicks,NA,,,,,,,,,,,
MOCH,2090-37485,BYO,2019,2-Jul,9:55,10:10,N,SGR,Sue & Carl,,,,ANT,F,BP,U,-,Y,37.5,24.5,13,68,19.6,65,8.8,4.4,4.9,30.2,N,N,Y,N,Y,249-2019,chicks,NA,,,,,,,,,,,
MOCH,2090-37486,PYP,2019,2-Jul,9:56,10:20,N,SGR,Sue & Carl,,,,ANT,M,CP,U,-,Y,35,23,12,65,22,66,9.3,4.2,4,30.7,N,N,Y,N,Y,-,-,NA,,,,,,,,,,,
MOCH,2090-37487,LAB,2019,7-Jul,N/A,N/A,N,SGR,Strooks,,,,ANT,F,BP,U,,Y,34,22.5,11.5,69,19.8,61,9.1,3.7,4.3,31.5,N,N,Y,N,Y,232-2019,12 D,NA,,,,,,,,,,,
MOCH,POX4,Pox 4,2019,7-Jul,N/A,N/A,N,SGR,Strooks,,,,ANT,M,CP,U,,Y,35.5,25,10.5,-,-,,,,,,,,Y,N,Y,232-2019,12 D,NA,,,,,,,,,,,
MOCH,POX6,-,2019,22-Jul,7:43,7:55,N,SGR,Strooks,,,,KCG,M,No BP,U,U,Y,35,24,11,-,-,,,,,,N,N,Y,N,Y,218-2019,chicks,Pox 4,,,,,,,,,,,
MOCH,POX5,-,2019,22-Jul,7:40,7:44,N,SGR,Strooks,,,,KCG,F,BP,U,U,Y,36,24,12,-,-,-,,,,,N,N,Y,N,Y,218-2019,chicks,Pox 5,,,,,,,,,,,
MOCH,2090-37449,YYL,2019,10-Jun,9:30,9:50,N,SGR,Debi's,,,,ANT,M,CP,U,U,Y,37,25,12,67,21,61,8.7,3.7,3.7,30.1,N,N,Y,N/A,Y,-,-,NA,,,,,,,,,,,
MOCH,2830-31954,BPS,2019,10-Jun,7:51,8:04,N,BLD,Maureen's,,,,KCG,U,N/A,U,U,Y,36,24,12,71,18.6,65,8.8,4.1,5.1,30.6,N,N,Y,N,N,334-2019,chicks,NA,,,,,,,,,,,
MOCH,2830-31955,SBA,2019,10-Jun,9:15,9:40,N,SGR,Debi's,,,,KCG,M,CP,U,U,Y,35,24,11,70,19,63,9,4.3,5,29.9,N,N,Y,N,N,-,-,NA,,,,,,,,,,,
MOCH,2830-31889,WPO,2019,25-Apr,10:33,10:55,N,MRS,Feeder,,,,ERF,M,CP,-,-,Y,36,24,12,68,19.2,64,7.5,3.9,3.5,29.5,N,N,Y,N,N,-,-,NA,,,,,,,,,,,
MOCH,2830-31890,RPP,2019,25-Apr,10:40,11:16,N,MRS,Feeder,,,,KCG,F,BP,-,-,Y,34,22,12,68,18.5,59,9,4.6,4.3,29,N,N,Y,N,N,-,-,NA,,,,,,,,,,,
MOCH,2830-31891,WLB,2019,25-Apr,11:09,11:30,N,MRS,Feeder,,,,ERF,M,CP,-,-,Y,36,22,14,70,18.8,61,9,3.9,3.6,30,N,N,Y,N,N,-,-,NA,,,,,,,,,,,
MOCH,2090-37490,BGB,2020,27-May,7:40,7:45,N,SGR,Sue and Carl's,-,-,-,ANT,F,BP,-,-,Y,29,17.5,11.5,-,18.8,-,8.5,3.7,4.3,28.5,11.1/23.1,Y,Y,N,N,244-2020,late incubation,-,"Treated with Saline, blood also preserved in RNAlater",,,,,,,,,,
MOCH,2090-37491,OGY,2020,28-May,7:15,7:25,N,SGR,Strook's,-,-,-,ANT,F,BP,-,-,Y,29.5,17.5,12,65,18.2,67,8.1,3.7,4.1,34.4,N,N,Y,N,N,226-2020,late incubation,-,Treated with Primaquine. Pox legs but could still fit bands. Blood also preserved in RNAlater. Big head!,,,,,,,,,,
MOCH,2090-37492,YAG,2020,28-May,7:50,8:05,N,SGR,Jon's,-,-,-,ANT,F,BP,-,-,Y,30,18,12,66,19,65,8.3,3.7,4.1,30.1,2.5/4.2,N,Y,N,N,180-2020,late incubation,-,"Treated with Saline, blood also preserved in RNAlater",,,,,,,,,,
MOCH,G-A,G,2020,29-May,6:00,6:05,N,SGR,Debi's,-,-,-,ANT,F,BP,-,-,Y,29.5,17.5,12,68,18.8,67,8.2,3.7,4,29,N,N,Y,N,N,198-2020,late incubation,-,"Treated with Saline, couldn't put on USGS band b/c pox, blood also collected in RNAlater",,,,,,,,,,
MOCH,2090-37493,WYP,2020,29-May,5:00,5:05,N,SGR,Sue and Carl's,-,-,-,ANT,F,BP,-,-,Y,29,18,11,65,17.8,60,8.6,3.8,4.3,29.9,N,N,Y,N,N,254-2020,late incubation,-,"Treated with Primaquine, blood also preserved in RNAlater",,,,,,,,,,
MOCH,2090-37494,ABG,2020,2-Jun,5:37,5:45,N,SGR,Carol's,-,-,-,ANT,F,BP,-,-,Y,29.5,17.5,12,66,19.9,61,9,3.9,4,29.5,14/27.5,Y,Y,N,N,234-2020,late incubation,-,"Treated with Saline, blood also preserved in RNAlater",,,,,,,,,,
MOCH,2830-32070,YBL,2020,2-Jun,9:36,9:43,N,BLD,Mollie M.,-,-,-,KCG,F,BP,AHY,Breeding (rec worn),Y,34,23,11,67,18.1,60,8.9,4.4,5,28.9,N,N,Y,N,N,331-2020,chicks,unk,,,,,,,,,,,
MOCH,B-A,B,2020,5-Jun,7:00,7:05,N,SGR,Debi's,-,-,-,ANT,F,BP,-,-,Y,30,17.5,12.5,64,18.7,65,8.9,3.5,4.2,30.2,11/21.8,Y,Y,N,N,165-2020,late incubation,-,"Treated with Primaquine, blood also preserved in RNAlater, has pox and legs too thick for most bands. Only has blue band",,,,,,,,,,
MOCH,2830-32092,BWO,2020,5-Jun,9:59,-,N,BLD,Andrew Mc.,-,-,-,KCG,F,BP,AHY,Rec,Y,34,12,12,67,18.5,60,8.8,4,5.5,29.6,N,N,Y,N,N,367-2020,chicks,GPA,,,,,,,,,,,
MOCH,2830-32093,GPA,2020,5-Jun,10:38,10:47,N,BLD,Andrew Mc.,-,-,-,KCG,M,CP,AHY,Rec,Y,33,22,11,73,18.4,63,8.7,4.3,4.4,29.1,N,N,Y,N,N,367-2020,chicks,BWO,,,,,,,,,,,
MOCH,2830-32100,BLP,2020,6-Jun,8:45,8:55,N,SGR,Jon + Danica,-,-,-,KCG,M,CP,AHY,Rec,Y,34,22,12,71,19.5,62,8.8,4.5,5,29.6,N,N,Y,N,N,236-2020,chicks,GOY,,,,,,,,,,,
MOCH,2830-32099,GOY,2020,6-Jun,8:22,8:37,N,SGR,Jon + Danica,-,-,-,KCG,F,BP,AHY,Rec,Y,34,23,11,69,19.6,62,9.2,4.4,5.2,30.1,N,N,Y,N,N,236-2020,chicks,BLP,,,,,,,,,,,
MOCH,2900-40604,YAG,2020,8-Jun,8:10,8:14,N,SGR,Dharma's Garden,-,-,-,ANT,F,BP,-,-,Y,28,18,10,63,18.8,61,8.9,3.7,4.2,30.6,13.9/29.2,Y,Y,N,N,161-2020,12 day old nestlings,-,,,,,,,,,,,
MOCH,2900-40699,YAY,2020,8-Jun,10:00,10:05,N,SGR,Deb Botner,-,-,-,ANT,F,BP,-,-,Y,28,17.5,10.5,66,18.2,60,8.9,3.6,4.4,29.8,N,N,Y,N,N,329-2020,10 day old nestlings,-,location isn't SGR but we might need a new code,,,,,,,,,,
MOCH,2900-40642,BOG,2020,14-Jun,10:50,10:55,N,SGR,Carol's,-,-,-,ANT,M,CP,-,-,Y,29,17.5,11.5,68,19.7,67,9.4,3.9,4.4,30.9,15.05/28.5,Y,Y,N,N,234-2020,12 day old nestlings,ABG,"plama preserved, blood also preserved in RNAlater",,,,,,,,,,
MOCH,2900-40649,BYB,2020,15-Jun,7:03,7:11,N,MRS,MRS,-,-,-,ANT,F,BP,-,-,Y,30,17.5,12.5,66,19.5,62,9.2,4.3,4.4,31.1,4.8/9.3,Y,Y,N,N,197-2020,Mid Incubation,-,"Treated with Primaquine, blood also preserved in RNAlater",,,,,,,,,,
MOCH,"Pox2-2020-144	",POX,2020,16-Jun,10:40,10:45,N,SGR,Wendy's,-,-,-,ANT,F,BP,-,-,Y,30,17,13,65,19.5,62,8.9,4,4.4,30.2,19.5/35.9,Y,Y,N,N,144-2020,12 day old nestlings,OBS,"Took pox swab labeled ""pox 1 Wendy, 2020, 144."" Nest later destroyed by predator",,,,,,,,,,
MOCH,2900-40669,AWB,2020,17-Jun,12:30,12:35,N,SGR,Jon's,-,-,-,ANT,M,CP,-,-,Y,29,17.5,11.5,70,20.3,67,8.8,4.3,4.5,30.3,N,N,Y,N,N,180-2020,12 day old nestlings,YAG,Blood only preserved in RNAlater,,,,,,,,,,
MOCH,2900-40674,WGP,2020,18-Jun,5:57,6:03,N,SGR,Sue and Carl's,-,-,-,ANT,M,CP,-,-,Y,28.5,17.5,11,68,20.5,62,9.4,3.8,3.9,30.4,3.3/7.1,Y,Y,N,N,254-2020,12 day old nestlings,WYP,Nest later perished,,,,,,,,,,
MOCH,2900-40675,WOO,2020,18-Jun,8:50,8:55,N,SGR,Debi's,-,-,-,ANT,M,CP,-,-,Y,28.5,17,11.5,70,19.4,67,8.6,4.4,3.8,30.1,1.8/4.1,Y,Y,N,N,165-2020,12 day old nestlings,B,,,,,,,,,,,
MOCH,2900-40692,WOB,2020,30-Jun,8:50,8:55,N,MRS,Lower MRS,-,-,-,ANT,F,BP,-,-,Y,32,22.5,9.5,65,19.5,66,9.3,4,4.5,29.8,N,N,Y,N,N,99-2020,11 day old nestlings,,,,,,,,,,,,
MOCH,2130-17421,OOG,2020,7-Jul,7:27,7:30,N,MRS,Lower MRS,-,-,-,ANT,M,CP,-,-,Y,28.5,17.5,11,68,20.1,67,8.6,3.9,4.2,29.8,12.4/23.1,Y,Y,N,N,197-2020,17 day old nestlings,,,,,,,,,,,,
MOCH,2910-53941,OYY,2021,18-Jun,1025,1030,N,SGR,SGR-146 - Wendy's,-,-,-,ANT,M,CP,AHY,CP,Y,28,16,12,69,19.6,65,9.1,4,4.6,29.8,Y,N,N,N,N,SGR-146 - Wendy's,before D12 nestlings,VVO,,,,,,,,,,,
MOCH,2910-53942,VVO,2021,18-Jun,1045,1050,N,SGR,SGR-146 - Wendy's,-,-,-,ANT,F,BP,AHY,BP,Y,25.5,15,10.5,66,20.8,59,8.2,4.3,4.3,28.9,Y,N,N,N,N,SGR-146 - Wendy's,before D12 nestlings,OYY,,,,,,,,,,,
MOCH,2910-53950,OBA,2021,20-Jun,855,901,N,SGR,SGR-154 - Wendy M.,-,-,-,ANT,M,CP,AHY,breeding,Y,28,15.5,12.5,71,20.3,65,8.9,4.1,4,32.4,Y,N,N,N,N,SGR-154 - Wendy M.,before D12 nestlings,WVW,,,,,,,,,,,
MOCH,2910-53951,WVW,2021,20-Jun,913,920,N,SGR,SGR-154 - Wendy M.,-,-,-,ANT,F,BP,AHY,BP,Y,27.5,16,11,70,20,60,8.6,4.5,4.6,29.8,Y,N,N,N,N,SGR-154 - Wendy M.,before D12 nestlings,OBA,,,,,,,,,,,
MOCH,2910-53928,OVA,2021,22-Jun,838,844,N,SGR,SGR-171 - Jon,-,-,-,ANT,F,BP,AHY,BP,Y,28.5,16,12.5,65,20.1,60,8.5,4.1,4.4,29.5,Y,N,N,N,N,SGR-171 - Jon,before D12 nestlings,-,,,,,,,,,,,
MOCH,2910-53959,YVG,2021,22-Jun,918,924,N,SGR,SGR-137 - Jon,-,-,-,ANT,M,CP,AHY,CP,Y,28,16.5,11.5,69,22.4,63,8.9,4.1,4.3,30.8,Y,N,N,N,N,SGR-137 - Jon,before D12 nestlings,BWB,,,,,,,,,,,
MOCH,2910-53960,OGG,2021,22-Jun,1006,1016,N,SGR,SGR-176 - Jon,-,-,-,MEL,F,BP,AHY,BP,Y,26.5,15,11.5,67,20.1,61,8.6,4.3,4.5,29.5,Y,N,N,N,N,SGR-176 - Jon,before D12 nestlings,GBB,,,,,,,,,,,
MOCH,2910-53968,YWW,2021,24-Jun,749,805,N,SGR,SGR-231 - Carol's,-,-,-,MEL,M,CP,AHY,CP,Y,29,17,12,70,20.5,65,8.9,4.4,4.2,29.5,Y,N,N,N,N,SGR-231 - Carol's,D12/D13 nestlings,ABG,,,,,,,,,,,
MOCH,2910-53973,BWB,2021,24-Jun,914,919,N,SGR,SGR-137 - Jon,-,-,-,ANT,F,BP,AHY,BP,Y,27,16,11,67,20.8,62,8.6,3.9,4.1,29.6,Y,N,N,N,N,SGR-137 - Jon,D12 nestlings,YVG,,,,,,,,,,,
MOCH,2910-53980,GBB,2021,24-Jun,1022,1032,N,SGR,SGR-176 - Jon,-,-,-,ANT,M,CP,AHY,CP,Y,29,18,11,70,21.7,66,8.5,4,4.5,30.1,Y,N,N,N,N,SGR-176 - Jon,D12 nestlings,OGG,,,,,,,,,,,
MOCH,POX 1_2021,POX 1,2021,27-Jun,645,649,N,SGR,SGR-234 - Carol's,-,-,-,MEL,M,CP,AHY,CP,Y,29,17.5,11.5,68,20.4,60,8.5,4.3,4.4,30,Y,N,N,N,N,SGR-234 - Carol's,D12 nestlings,AYV,pox on legs; didn't band,,,,,,,,,,
MOCH,2910-53988,AYV,2021,27-Jun,800,803,N,SGR,SGR-234 - Carol's,-,-,-,ANT,F,BP,AHY,BP,Y,27,16,11,67,20.3,62,9.7,4,4.4,30.8,Y,N,N,N,N,SGR-234 - Carol's,D12 nestlings,POX1,,,,,,,,,,,
MOCH,2910-53990,YYW,2021,27-Jun,820,830,N,SGR,SGR-222 - Carol's,-,-,-,ANT,M,CP,AHY,CP,Y,27,16.5,10.5,67,19.8,63,8.5,4,4.3,29.7,Y,N,N,N,N,SGR-222 - Carol's,D12 nestlings,AGV,,,,,,,,,,,
MOCH,2910-53989,AGV,2021,27-Jun,818,823,N,SGR,SGR-222 - Carol's,-,-,-,ANT,F,BP,AHY,BP,Y,25,15,10,65,20.8,60,9,4.1,4.4,29.6,Y,N,N,N,N,SGR-222 - Carol's,D12 nestlings,YYW,,,,,,,,,,,
MOCH,2910-53997,GAY,2021,27-Jun,928,943,N,SGR,SGR-336 - Tracy's,-,-,-,MEL,M,CP,AHY,CP,Y,27.5,15,12.5,71,22,65,8.4,4.2,4.4,30.7,Y,N,N,N,N,SGR-336 - Tracy's,D12 nestlings,WYP,,,,,,,,,,,
MOCH,POX 2_2021,POX 2,2021,28-Jun,636,-,N,SGR,SGR-207 - Strooks,-,-,-,MEL,F,BP,AHY,BP,Y,28,16,12,71,20.6,67,9.1,4.2,4.5,29.4,N,N,N,N,N,SGR-207 - Strooks,D12 nestlings,GWA,"pox on legs-didn't band, no blood",,,,,,,,,,
MOCH,2910-54212,GOB,2021,28-Jun,655,705,N,SGR,SGR-253 - Sue and Carl,-,-,-,ANT,F,BP,AHY,BP,Y,27,16,11,63,19.9,57,8,3.9,4.4,29.7,-,-,-,-,-,SGR-253 - Sue and Carl,D12 nestlings,WGP,no info on the blood,,,,,,,,,,
MOCH,2910-54012,GWA,2021,28-Jun,658,707,N,SGR,SGR-207 - Strooks,-,-,-,MEL,M,CP,AHY,CP,Y,27,16,11,69,21.3,62,9.8,4.1,4.8,30.2,Y,N,N,N,N,SGR-207 - Strooks,D12 nestlings,POX2,,,,,,,,,,,
MOCH,POX 3_2021,POX 3,2021,29-Jun,809,815,N,SGR,SGR-214 - Strooks,-,-,-,ANT,M,CP,AHY,CP,Y,28,16.5,11.5,69,19.6,63,8.3,4.3,4.7,29.9,Y,N,N,N,N,SGR-214 - Strooks,D12 nestlings,VOY,,,,,,,,,,,
MOCH,2910-54231,VOY,2021,29-Jun,825,831,N,SGR,SGR-214 - Strooks,-,-,-,ANT,F,BP,AHY,BP,Y,26.5,16,10.5,65,19.2,59,8.9,4,4.4,29.7,Y,N,N,N,N,SGR-214 - Strooks,D12 nestlings,POX 3,,,,,,,,,,,
MOCH,2910-54027,GWV,2021,30-Jun,927,942,N,SGR,SGR-186 - Debi,-,-,-,MEL,M,CP,AHY,CP,Y,28,15.5,12.5,78,19.8,62,,4.2,4.9,29.3,Y,N,N,N,N,SGR-186 - Debi,After D12 nestlings,OBO,,,,,,,,,,,
MOCH,2910-54236,VOY,2021,30-Jun,1410,1415,N,SGR,SGR-175 - Jon's,-,-,-,ANT,F,BP,AHY,BP,Y,26.5,15,11.5,65,20.2,57,8.8,4.1,4.2,29.8,Y,N,N,N,N,SGR-175 - Jon's,D8 nestlings,POX 4,,,,,,,,,,,
MOCH,POX 4_2021,POX 4,2021,30-Jun,1514,1518,N,SGR,SGR-175 - Jon's,-,-,-,ANT,M,CP,AHY,CP,Y,26.5,15,11.5,72,20.4,62,9,4.4,4.7,30,Y,N,N,N,N,SGR-175 - Jon's,D8 nestlings,VOY,,,,,,,,,,,
MOCH,2910-54241,OOB,2021,6-Jul,910,914,N,MRS,MRS-044,-,-,-,ANT,M,CP,AHY,CP,Y,27.5,16,11.5,69,21.3,63,8.8,4,4.9,29.5,Y,N,N,N,N,MRS-044,D12 nestlings,AYB,,,,,,,,,,,
MOCH,2910-54242,AYB,2021,6-Jul,935,940,N,MRS,MRS-044,-,-,-,ANT,F,BP,AHY,BP,Y,27,16,11,66,21.3,60,9.9,4.8,4.4,30.4,Y,N,N,N,N,MRS-044,D12 nestlings,OOB,,,,,,,,,,,
MOCH,2910-54258,AYG,2021,14-Jul,1830,1835,N,SGR,SGR-150 - Jon's,-,-,-,ANT,F,BP,AHY,BP,Y,28.8,17.5,11,63,21.5,58,9,4,4.7,29.9,Y,N,N,N,N,SGR-150 - Jon's,D8 nestlings,GOX,missing color band on right leg (X). Leg was swollen,,,,,,,,,,
MOCH,2910-54257,GOX,2021,14-Jul,1805,1815,N,SGR,SGR-150 - Jon's,-,-,-,ANT,M,CP,AHY,CP,Y,28.5,16,12.5,70,20.4,64,9.2,4.3,4.4,30.1,Y,N,N,N,N,SGR-150 - Jon's,D8 nestlings,AYG,,,,,,,,,,,
MOCH,2910-54259,AOB,2021,25-Jul,742,753,N,SGR,SGR-187 - Debi's,-,-,-,ANT,F,BP,AHY,BP,Y,27.5,17.5,10,65,20.7,56,9.1,4.2,5,29.9,Y,N,N,N,N,SGR-187 - Debi's,D12 nestlings,POX 5,,,,,,,,,,,
MOCH,POX5_2021,POX 5,2021,25-Jul,803,812,N,SGR,SGR-187 - Debi's,-,-,-,MEL,M,CP,AHY,CP,Y,26.5,16,10.5,69,20.1,64,9.2,4.2,4.5,30.4,Y,N,N,N,N,SGR-187 - Debi's,D12 nestlings,AOG,"*Pox on legs, did not add color bands or USGS bands",,,,,,,,,,
MOCH,2830-31823,PLP,2018,31-May,7:39,7:55,N,MRS,Marr Lab Feeder,454478,4431414,2852,KCG,M,CP,HY,Rec,Y,32.3,24.5,7.8,69,22.8,58,10,4,5.7,29.1,4.8,5.1,3.4,NA,3,0,NA,NA,N,N,N,Y,N,N,U,NA,U,LLL,Captured with mist net
MOCH,2830-31824,LLL,2018,31-May,7:49,8:16,N,MRS,Marr Lab Feeder,454478,4431414,2852,KCG,F,BP,HY,Rec,Y,31,24.5,6.5,68,20.7,61,8.9,5,5.8,29.6,NA,NA,NA,NA,2,0,NA,NA,N,N,N,Y,N,Y,U,NA,U,PLP,Captured with mist net; Bird weight includes bands
MOCH,2830-31825,OSO,2018,31-May,9:53,10:05,N,MRS,Marr Lab Feeder,454478,4431414,2852,KCG,M,CP,AHY,Rec,Y,31.2,24.5,6.7,75,19.6,65,9.2,4.4,5,29,4.9,5,4.3,NA,2,1,NA,NA,N,N,N,Y,N,N,U,NA,U,None,Birds weight includes band; with unbanded bird at feeder; captured with mist net
MOCH,2830-31826,OOR,2018,2-Jun,NA,8:19,N,Shopnitz's Backyard,Feeder,40.050708,-105.265688,1652.3,KCG,F,BP,AHY,Rec/Nest,Y,NA,NA,NA,70,18.4,59,9.2,4.4,5.2,27.4,NA,NA,NA,NA,2,0,N,N,N,N,N,Y,N,N,Paired/Nest,Shopnitz,Chicks: day 10,,On chicks in nest box with unbanded bird. Captured with mist net
MOCH,2830-31827,SLR,2018,4-Jun,7:19,7:32,N,MRS,Marr Lab Feeder,454478,4431414,2852,KCG,M,CP,AHY,Rec/CP,Y,NA,NA,NA,74,20.1,64,11.4,4.8,5.7,32.2,5.4,6,3.5,NA,2,0,N,N,N,N,N,Y,N,N,U,NA,U,None,captured with mist net
MOCH,2830-31828,LPR,2018,4-Jun,9:40,9:50,N,MRS,Marr Lab Feeder,454478,4431414,2852,KCG,M,CP,AHY,Rec/CP,Y,33,24.5,8.5,71,20.5,62,9,5,5,28.4,5.6,6.7,5.9,NA,2,1,N,N,N,N,N,Y,N,N,U,NA,U,None,captured with mist net; bird weight with bands
MOCH,2830-31829,LOW,2018,5-Jun,7:39,7:50,N,MRS,Marr Lab Feeder,454478,4431414,2852,KCG,M,CP,AHY,Rec/CP,Y,34.2,24.5,9.7,72,20.4,63,9.1,5.1,5.2,28.8,6,6,3.4,NA,2,0,N,N,N,N,N,Y,N,N,U,NA,U,None,captured with mist net
MOCH,2830-31842,BRB,2018,13-Jun,7:45,7:59,N,Shopnitz's Backyard,Nest Box on House,40.050708,-105.265688,1652.3,KCG,F,BP,AHY,Rec/BP,Y,35,24,11,66,19,57,10.3,4.8,5.5,29.4,NA,NA,NA,NA,2,0,N,N,N,N,N,Y,N,N,Paired/Nest,Yes; Shopnitz,Nestlings,None,Female of MOCH nestlings: 2830-31830; 2830-31831; 2830-31832; 2830-31833; 2830-31834; 2830-31835; Bird weight with bands; Male: OOR
MOCH,2830-31874,BLO,2018,25-Jul,9:40,10:13,N,MRS,Marr Lab Feeder,454478,4431414,2852,KCG,F,BP,AHY,BP,Y,36,25,11,71,20.6,70,7.7,4.3,4.3,30.8,NA,NA,NA,NA,2,0,N,N,N,N,N,Y,N,Y,U,U,U,None,Bird weight with bands
MOCH,2830-31882,ORR,2018,11-Dec-18,,,N,Kathryn's Backyard,Feeder/backyard,478222,4425104,1607,KCG,U,,,,,,,,,,,,,,,,,,,,,,,,,,,,,,,,,
MOCH,POX3,-,2019,21-Jun,7:50,8:03,U,SGR,Debi's House,,,,KCG,F,BP,U,-,Y,35,24,11,-,,,,,,,N,N,Y,N,Y,203-2019,chicks,SSP,,,,,,,,,,,
BCCH,297091586,GEW,2024,,15:38,,,,,,,,SRP,U,,,,,,,11.5,65,16.8,,9.1,4.1,11.5,27.8,,,,,,,,,,,,,,,,,,,
BCCH,297091587,,2024,,14:40,,,,,,,,SRP,U,,,,,,,12,67,14.1,70,9.8,4.3,12,28.1,,,,,,,,,,,,,,,,,,,
BCCH,297091588,YBE,2024,,15:38,,,,,,,,WCA,U,,,,,,,13,63,12.5,63,9.2,4.5,13,28.1,,,,,,,,,,,,,,,,,,,
BCCH,255021801,YWB,2024,,16:53,,,,,,,,SRP,F,,,,,,,12.5,66,17.2,60,8.8,4.6,12.5,30.3,,,,,,CU-128,,,,,,,,,,,,,
BCCH,255021807,AAE,2024,,13:15,,,,,,,,ONT,M,,,,,,,12,69,17.4,70,10.3,4.2,12,27.4,,,,,,BLD-407,,,,,,,,,,,,,
BCCH,255021809,RGR,2024,,14:45,,,,,,,,SRP,F,,,,,,,12,64,14.4,67,10,4.3,12,27.3,,,,,,BLD-321,,,,,,,,,,,,,
BCCH,255021810,WNA,2024,,15:09,,,,,,,,ONT,M,,,,,,,12,68,16.6,72,11.2,4.3,12,28,,,,,,BLD-321,,,,,,,,,,,,,
BCCH,255021812,WGG,2024,,15:55,,,,,,,,ONT,M,,,,,,,11,66,15.7,68,9.5,4.1,11,27.8,,,,,,BLD-286,,,,,,,,,,,,,
BCCH,255021813,NEA,2024,,16:31,,,,,,,,SRP,F,,,,,,,14,63,14.9,69,10.8,4.5,14,27.5,,,,,,BLD-286,,,,,,,,,,,,,
BCCH,255021842,RRA,2024,,17:15,,,,,,,,SRP,M,,,,,,,12,68,14.9,67,8.2,4.2,12,29.1,,,,,,BLD-372,,,,,,,,,,,,,
BCCH,255021832,BER,2024,,17:18,,,,,,,,ONT,F,,,,,,,10.5,63,16.9,59,10.9,4.5,10.5,28.4,,,,,,BLD-372,,,,,,,,,,,,,
BCCH,255021836,WOA,2024,,18:38,,,,,,,,SRP,M,,,,,,,12.5,67,15.2,70,10.5,4.7,12.5,30,,,,,,BLD-265,,,,,,,,,,,,,
BCCH,POX1,POX1,2024,,18:50,,,,,,,,ONT,F,,,,,,,12,66,14.9,70,10.8,4.4,12,28.1,,,,,,BLD-265,,,,,,,,,,,,,
BCCH,255021865,NWE,2024,,10:28,,,,,,,,SRP,F,,,,,,,11,63,14.8,66,10.9,4.1,11,28.5,,,,,,BLD-351,,,,,,,,,,,,,
BCCH,255021860,EAY,2024,,8:08,,,,,,,,SRP,M,,,,,,,11,66,13.4,67,10.1,4.4,11,26.7,,,,,,BLD-363,,,,,,,,,,,,,
BCCH,255021859,NBW,2024,,7:52,,,,,,,,ONT,F,,,,,,,9,63,14.4,63,10.4,3.9,9,26,,,,,,BLD-363,,,,,,,,,,,,,
BCCH,255021849,OOY,2024,,10:10,,,,,,,,SRP,M,,,,,,,13.5,68,15.9,74,10.4,4.8,13.5,27.3,,,,,,BLD-290,,,,,,,,,,,,,
BCCH,255021850,YRG,2024,,10:28,,,,,,,,ONT,F,,,,,,,10,64,15.4,66,10.9,4.4,10,26.6,,,,,,BLD-290,,,,,,,,,,,,,
BCCH,255021808,no colors,2024,,13:31,,,,,,,,WCA,F,,,,,,,13,66,13.7,64,9.4,4.1,13,27.8,,,,,,BLD-407,,,,,,,,,,,,,
BCCH,255021868,BEG,2024,,8:42,,,,,,,,SRP,F,,,,,,,11.5,64,14.2,65,10,4.3,11.5,29.2,,,,,,BLD-281,,,,,,,,,,,,,
BCCH,255021867,WWR,2024,,8:21,,,,,,,,ONT,M,,,,,,,12,67,15.4,72,10.9,4.2,12,27.8,,,,,,BLD-281,,,,,,,,,,,,,
BCCH,255021866,RGO,2024,,7:54,,,,,,,,SRP,M,,,,,,,11,66,15.5,65,10.1,4.5,11,26.7,,,,,,BLD-305,,,,,,,,,,,,,
BCCH,255021879,RWR,2024,,18:27,,,,,,,,ONT,M,,,,,,,12,65,14.7,65,11.2,4,12,27.5,,,,,,BLD-351,,,,,,,,,,,,,
BCCH,255021891,YEY,2024,,9:08,,,,,,,,ONT,F,,,,,,,11.5,66,15.7,60,14,3.8,11.5,30,,,,,,BLD-264,,,,,,,,,,,,,
MOCH,255021892,BEO,2024,,10:05,,,,,,,,SRP,F,,,,,,,11.5,70,14.8,63,9.9,3.7,11.5,29.8,,,,,,BLD-285,,,,,,,,,,,,,
BCCH,255021899,RAR,2024,,8:48,,,,,,,,SRP,M,,,,,,,11.5,69,15,69,10.3,4.2,11.5,27.4,,,,,,CU-104,,,,,,,,,,,,,
BCCH,255021898,EYN,2024,,8:36,,,,,,,,ONT,U,,,,,,,10.5,60,14.4,61,10,4,10.5,26.9,,,,,,CU-104,,,,,,,,,,,,,
MOCH,255021926,ORN,2024,,10:16,,,,,,,,ONT,F,,,,,,,10.5,66,15.3,60,11.2,3.7,10.5,29.4,,,,,,SGR-253,,,,,,,,,,,,,
MOCH,255021925,NYA,2024,,10:13,,,,,,,,SRP,M,,,,,,,11.5,69,16.4,65,11.4,4.1,11.5,29.8,,,,,,SGR-253,,,,,,,,,,,,,
MOCH,255021924,GNB,2024,,8:58,,,,,,,,SRP,M,,,,,,,11,68,15.4,64,11.8,4.2,11,29.4,,,,,,BLD-334,,,,,,,,,,,,,
MOCH,255021923,GGE,2024,,8:44,,,,,,,,ONT,F,,,,,,,11,67,16,62,12.1,3.7,11,29.8,,,,,,BLD-334,,,,,,,,,,,,,
BCCH,255021908,OEA,2024,,7:46,,,,,,,,SRP,F,,,,,,,11,62,14.1,68,10.5,4.3,11,27.3,,,,,,BLD-256,,,,,,,,,,,,,
MOCH,POX2,POX2,2024,,10:20,,,,,,,,WCA,F,,,,,,,11.5,72,15.3,66,10.4,4.1,11.5,29.4,,,,,,BLD-368,,,,,,,,,,,,,
MOCH,255021942,GAR,2024,,11:14,,,,,,,,WCA,F,,,,,,,11,64,15.5,63,10.4,4.1,11,28.7,,,,,,SGR-254,,,,,,,,,,,,,
MOCH,POX3,POX3,2024,,8:48,,,,,,,,SRP,M,,,,,,,11,72,16.3,69,10.5,4.1,11,29.5,,,,,,FLG-217,,,,,,,,,,,,,
MOCH,255021950,NEY,2024,,8:25,,,,,,,,SRP,F,,,,,,,11.5,70,14.4,66,10.9,3.7,11.5,29.6,,,,,,FLG-217,,,,,,,,,,,,,
MOCH,255022162,RAG,2024,,9:56,,,,,,,,WCA,F,,,,,,,11.5,66,15.3,65,11,4,11.5,29.7,,,,,,FLG-423,,,,,,,,,,,,,
MOCH,255022179,GOR,2024,,8:50,,,,,,,,WCA,F,,,,,,,12,67,15.8,63,11.4,4.2,12,31.8,,,,,,FLG-239,,,,,,,,,,,,,
MOCH,POX4,POX4,2024,,8:30,,,,,,,,WCA,M,,,,,,,12.5,69,15.7,63,11.4,4,12.5,30,,,,,,NED-403,,,,,,,,,,,,,
MOCH,POX7,POX7,2024,,9:35,,,,,,,,WCA,F,,,,,,,,,,,,,,,,,,,,FLG-424,,,,,,,,,,,,,
MOCH,255022181,NGO,2024,,9:25,,,,,,,,WCA,M,,,,,,,12,69,16.8,65,10.4,3.9,12,29.6,,,,,,FLG-424,,,,,,,,,,,,,
MOCH,255022178,ONA,2024,,8:25,,,,,,,,WCA,M,,,,,,,11.5,68,16.6,62,9.9,3.8,11.5,30.9,,,,,,FLG-423,,,,,,,,,,,,,
MOCH,255022180,RNY,2024,,8:59,,,,,,,,WCA,M,,,,,,,12.5,68,16.3,78,10.4,3.6,12.5,30.8,,,,,,FLG-239,,,,,,,,,,,,,
MOCH,POX6,POX6,2024,,9:12,,,,,,,,WCA,M,,,,,,,12.5,70,17.4,66,11.9,4.1,12.5,29.4,,,,,,NED-404,,,,,,,,,,,,,
MOCH,255022177,YRY,2024,,7:45,,,,,,,,WCA,F,,,,,,,-,65,16.5,59,9.4,3.8,-,29.6,,,,,,FLG-426,,,,,,,,,,,,,
MOCH,POX5,POX5,2024,,9:12,,,,,,,,WCA,F,,,,,,,10.5,64,16.8,58,10.8,3.9,10.5,29.5,,,,,,NED-404,,,,,,,,,,,,,
MOCH,POX175B,POX175B,2024,,9:38,,,,,,,,ONT,F,,,,,,,12,66,14.8,61,12.2,3.7,12,30.2,,,,,,SGR-175,,,,,,,,,,,,,
MOCH,POX392A,POX392A,2024,,8:10,,,,,,,,ONT,M,,,,,,,12,72,15.5,67,11.9,3.7,12,29.2,,,,,,NED-392,,,,,,,,,,,,,
MOCH,POX206A,POX206A,2024,,11:18,,,,,,,,ONT,M,,,,,,,12,69,14.6,63,12.2,3.6,12,30.6,,,,,,SGR-206,,,,,,,,,,,,,
MOCH,297010947,WBA,2024,,11:26,,,,,,,,ONT,F,,,,,,,11.5,66,15.8,60,11.9,3.9,11.5,27.8,,,,,,SGR-222,,,,,,,,,,,,,
MOCH,255021974,RYR,2024,,9:45,,,,,,,,ONT,M,,,,,,,11.5,69,16.3,60,12.1,3.7,11.5,30.3,,,,,,SGR-101,,,,,,,,,,,,,
MOCH,255021975,YEN,2024,,10:24,,,,,,,,ONT,F,,,,,,,12.5,66,16.1,60,12.1,3.7,12.5,28.8,,,,,,SGR-207,,,,,,,,,,,,,
MOCH,255021988,OBY,2024,,11:04,,,,,,,,ONT,F,,,,,,,10.5,67,15.1,61,12.3,4.1,10.5,29.6,,,,,,SGR-229,,,,,,,,,,,,,
MOCH,255021987,2550-21987,2024,,10:40,,,,,,,,ONT,M,,,,,,,12.5,70,16.1,63,12.3,3.8,12.5,30.4,,,,,,SGR-229,,,,,,,,,,,,,
MOCH,255021986,BGN,2024,,10:05,,,,,,,,ONT,M,,,,,,,11.5,72,15,65,12.1,3.8,11.5,29.3,,,,,,SGR-338,,,,,,,,,,,,,
MOCH,305017045,NRN,2024,,8:35,,,,,,,,WCA,M,,,,,,,11.5,68,15.5,62,10.5,3.8,11.5,29.4,,,,,,SGR-187,,,,,,,,,,,,,
MOCH,305017046,NOY,2024,,8:59,,,,,,,,WCA,M,,,,,,,-,73,15.8,69,11.4,3.8,-,31.2,,,,,,SGR-210,,,,,,,,,,,,,
MOCH,305017047,RRO,2024,,9:20,,,,,,,,WCA,M,,,,,,,12,68,16.7,64,11.6,4.2,12,30.4,,,,,,SGR-186,,,,,,,,,,,,,
MOCH,305017048,BAR,2024,,9:50,,,,,,,,WCA,F,,,,,,,11.5,78,16.9,62,11.3,4.1,11.5,30.7,,,,,,SGR-187,,,,,,,,,,,,,
MOCH,305017049,OBB,2024,,10:45,,,,,,,,WCA,M,,,,,,,12,72,17.2,69,10.9,3.7,12,30.3,,,,,,SGR-151,,,,,,,,,,,,,
MOCH,305017050,GYR,2024,,10:43,,,,,,,,WCA,F,,,,,,,11.5,64,15.4,66,10.5,3.9,11.5,29.8,,,,,,SGR-151,,,,,,,,,,,,,
MOCH,POX8,POX8,2024,,8:15,,,,,,,,WCA,M,,,,,,,11.5,65,15.4,63,10.9,4.1,11.5,29.8,,,,,,SGR-203,,,,,,,,,,,,,
MOCH,POX171A,POX171A,2024,,10:08,,,,,,,,SRP,M,,,,,,,11,72,15.3,67,11.1,3.5,11,29.6,,,,,,SGR-171,,,,,,,,,,,,,
MOCH,305017017,NYY,2024,,10:41,,,,,,,,ONT,F,,,,,,,11,65,16.3,54,11.5,3.9,11,29.8,,,,,,SGR-106,,,,,,,,,,,,,
MOCH,305017015,OEB,2024,,10:01,,,,,,,,ONT,F,,,,,,,10,,14.9,,,,10,,,,,,,SGR-149,,,,,,,,,,,,,
MOCH,305017016,RRG,2024,,10:12,,,,,,,,ONT,M,,,,,,,12,69,17,60,12.9,3.9,12,20.6,,,,,,SGR-149,,,,,,,,,,,,,
MOCH,305017030,NYN,2024,,9:14,,,,,,,,ONT,F,,,,,,,11.5,65,15.3,60,12.3,4.2,11.5,,,,,,,SGR-166,,,,,,,,,,,,,
MOCH,305017023,BGO,2024,,7:37,,,,,,,,ONT,F,,,,,,,11.5,68,16,61,12.3,3.9,11.5,30.1,,,,,,SGR-177,,,,,,,,,,,,,
MOCH,305017024,NON,2024,,7:50,,,,,,,,ONT,M,,,,,,,11.5,68,15.3,62,11.8,3.8,11.5,30.3,,,,,,SGR-177,,,,,,,,,,,,,
MOCH,305017093,GNR,2024,,9:55,,,,,,,,WCA,M,,,,,,,11.5,69,15.5,62,10.4,3.6,11.5,30,,,,,,MRS-46,,,,,,,,,,,,,
MOCH,255022033,BRR,2024,,12:44,,,,,,,,WCA,M,,,,,,,12.5,68,16.2,63,9.8,4,12.5,30.1,,,,,,BLD-274,,,,,,,,,,,,,
MOCH,255022034,PPP,2024,,13:40,,,,,,,,WCA,F,,,,,,,11,67,15.5,62,11.3,3.9,11,30.3,,,,,,SGR-159,,,,,,,,,,,,,
MOCH,305017084,GAB,2024,,8:24,,,,,,,,WCA,F,,,,,,,11.5,67,15.7,63,11.1,3.8,11.5,29.9,,,,,,MRS-3,,,,,,,,,,,,,
MOCH,305017082,BRN,2024,,8:04,,,,,,,,WCA,M,,,,,,,11.5,69,16.4,63,12,3.6,11.5,30.1,,,,,,MRS-3,,,,,,,,,,,,,
MOCH,305017031,OGN,2024,,7:46,,,,,,,,ONT,M,,,,,,,12,70,15.4,63,12,3.9,12,29.1,,,,,,SGR-230,,,,,,,,,,,,,
MOCH,305017032,GRN,2024,,7:54,,,,,,,,ONT,F,,,,,,,10.5,64,15.4,59,11.6,3.7,10.5,28.9,,,,,,SGR-230,,,,,,,,,,,,,
MOCH,305017037,GRO,2024,,9:27,,,,,,,,SRP,M,,,,,,,11.5,70,15.7,60,10.9,3.7,11.5,28.8,,,,,,NED-362,,,,,,,,,,,,,
MOCH,305017038,BNY,2024,,9:20,,,,,,,,SRP,F,,,,,,,10,64,14.3,61,9.8,3.5,10,28.6,,,,,,NED-362,,,,,,,,,,,,,
MOCH,305064311,NAY,2024,,12:09,,,,,,,,SRP,M,,,,,,,12,71,14,74,10.3,3.6,12,29.3,,,,,,MRS-44,,,,,,,,,,,,,
MOCH,305017034,ONO,2024,,9:35,,,,,,,,ONT,F,,,,,,,11,65,15.3,60,12.5,4.1,11,28,,,,,,MRS-91,,,,,,,,,,,,,
MOCH,305017033,NBB,2024,,9:30,,,,,,,,ONT,M,,,,,,,11,65,15.6,69,12.6,4.5,11,29.3,,,,,,MRS-91,,,,,,,,,,,,,
MOCH,305017035,ORO,2024,,10:20,,,,,,,,ONT,F,,,,,,,12,67,15,64,12.3,4.1,12,30.3,,,,,,MRS-92,,,,,,,,,,,,,
MOCH,305017036,BBN,2024,,10:26,,,,,,,,ONT,M,,,,,,,12,72,15.5,64,12.3,3.9,12,29,,,,,,MRS-92,,,,,,,,,,,,,
MOCH,305064354,GAN,2024,,9:35,,,,,,,,SRP,F,,,,,,,11,65,14.5,58,11.7,3.6,11,29.1,,,,,,MRS-65,,,,,,,,,,,,,
MOCH,305064364,GBR,2024,,9:16,,,,,,,,SRP,F,,,,,,,11,67,14,60,10.2,3.7,11,28.8,,,,,,MRS-98,,,,,,,,,,,,,
MOCH,305017074,EYA,2024,,8:50,,,,,,,,HLK,F,,,,,,,13,64,16.4,55,11.5,3.8,13,30.4,,,,,,-,,,,,,,,,,,,,
MOCH,305064325,BYN,2024,,8:21,,,,,,,,ONT,M,,,,,,,13,73,16.2,63,12.6,3.7,13,29.4,,,,,,MRS-34,,,,,,,,,,,,,
MOCH,305064324,NBN,2024,,8:35,,,,,,,,ONT,F,,,,,,,6.5,69,16,61,12.9,4.1,6.5,20,,,,,,MRS-34,,,,,,,,,,,,,
MOCH,305017096,AGR,2024,,9:00,,,,,,,,WCA,M,,,,,,,11,68,15.9,63,11.7,3.9,11,30.1,,,,,,MRS-60,,,,,,,,,,,,,
MOCH,255022055,YGR,2024,,910,,,,,,,,WCA,M,,,,,,,11,71,16.8,72,10.8,3.7,11,29.7,,,,,,MRS-18,,,,,,,,,,,,,
MOCH,255022056,NOR,2024,,9:38,,,,,,,,WCA,F,,,,,,,11,66,16.8,70,11.4,4,11,28.8,,,,,,MRS-18,,,,,,,,,,,,,
MOCH,255022057,RGG,2024,,10:49,,,,,,,,WCA,M,,,,,,,11.5,66,15,62,11.5,3.8,11.5,30.3,,,,,,MRS-36,,,,,,,,,,,,,
MOCH,255022058,RGY,2024,,11:11,,,,,,,,WCA,M,,,,,,,11.5,70,16.4,62,11.3,4.1,11.5,29,,,,,,MRS-51,,,,,,,,,,,,,
MOCH,255022059,BRO,2024,,11:40,,,,,,,,WCA,F,,,,,,,12,66,15.3,60,12.2,4.2,12,29.7,,,,,,MRS-51,,,,,,,,,,,,,
MOCH,305064334,BBB,2024,,11:09,,,,,,,,WCA,F,,,,,,,12,63,16.6,67,11.3,3.8,12,30.4,,,,,,MRS-17,,,,,,,,,,,,,
MOCH,305064333,ONR,2024,,11:18,,,,,,,,WCA,M,,,,,,,12,68,15.4,71,11.1,3.7,12,30.8,,,,,,MRS-17,,,,,,,,,,,,,
